{
  "version": "22.0.0",
  "files": {
    "3f51abb709b8e65167a45aeed02bab11540603d909005d7148230ba5ce6c74d7": {
      "source": {
        "path": "asset.3f51abb709b8e65167a45aeed02bab11540603d909005d7148230ba5ce6c74d7",
        "packaging": "zip"
      },
      "destinations": {
        "current_account-current_region": {
          "bucketName": "cdk-hnb659fds-assets-${AWS::AccountId}-${AWS::Region}",
          "objectKey": "3f51abb709b8e65167a45aeed02bab11540603d909005d7148230ba5ce6c74d7.zip",
          "assumeRoleArn": "arn:${AWS::Partition}:iam::${AWS::AccountId}:role/cdk-hnb659fds-file-publishing-role-${AWS::AccountId}-${AWS::Region}"
        }
      }
    },
    "27233b91fbd17cf8e91b6a908190b020dee6f7025472cc5b1b09ffc5d9b05eab": {
      "source": {
        "path": "It3122CdkStack.template.json",
        "packaging": "file"
      },
      "destinations": {
        "current_account-current_region": {
          "bucketName": "cdk-hnb659fds-assets-${AWS::AccountId}-${AWS::Region}",
          "objectKey": "27233b91fbd17cf8e91b6a908190b020dee6f7025472cc5b1b09ffc5d9b05eab.json",
          "assumeRoleArn": "arn:${AWS::Partition}:iam::${AWS::AccountId}:role/cdk-hnb659fds-file-publishing-role-${AWS::AccountId}-${AWS::Region}"
        }
      }
    }
  },
  "dockerImages": {}
}