{
  "version": "tree-0.1",
  "tree": {
    "id": "App",
    "path": "",
    "children": {
      "It3122CdkStack": {
        "id": "It3122CdkStack",
        "path": "It3122CdkStack",
        "children": {
          "IT3122-CDK-VPC": {
            "id": "IT3122-CDK-VPC",
            "path": "It3122CdkStack/IT3122-CDK-VPC",
            "children": {
              "Resource": {
                "id": "Resource",
                "path": "It3122CdkStack/IT3122-CDK-VPC/Resource",
                "attributes": {
                  "aws:cdk:cloudformation:type": "AWS::EC2::VPC",
                  "aws:cdk:cloudformation:props": {
                    "cidrBlock": "10.0.0.0/16",
                    "enableDnsHostnames": true,
                    "enableDnsSupport": true,
                    "instanceTenancy": "default",
                    "tags": [
                      {
                        "key": "Name",
                        "value": "It3122CdkStack/IT3122-CDK-VPC"
                      }
                    ]
                  }
                },
                "constructInfo": {
                  "fqn": "aws-cdk-lib.aws_ec2.CfnVPC",
                  "version": "2.58.1"
                }
              },
              "web-subnetSubnet1": {
                "id": "web-subnetSubnet1",
                "path": "It3122CdkStack/IT3122-CDK-VPC/web-subnetSubnet1",
                "children": {
                  "Subnet": {
                    "id": "Subnet",
                    "path": "It3122CdkStack/IT3122-CDK-VPC/web-subnetSubnet1/Subnet",
                    "attributes": {
                      "aws:cdk:cloudformation:type": "AWS::EC2::Subnet",
                      "aws:cdk:cloudformation:props": {
                        "vpcId": {
                          "Ref": "IT3122CDKVPC02567596"
                        },
                        "availabilityZone": {
                          "Fn::Select": [
                            0,
                            {
                              "Fn::GetAZs": ""
                            }
                          ]
                        },
                        "cidrBlock": "10.0.0.0/28",
                        "mapPublicIpOnLaunch": true,
                        "tags": [
                          {
                            "key": "aws-cdk:subnet-name",
                            "value": "web-subnet"
                          },
                          {
                            "key": "aws-cdk:subnet-type",
                            "value": "Public"
                          },
                          {
                            "key": "Name",
                            "value": "It3122CdkStack/IT3122-CDK-VPC/web-subnetSubnet1"
                          }
                        ]
                      }
                    },
                    "constructInfo": {
                      "fqn": "aws-cdk-lib.aws_ec2.CfnSubnet",
                      "version": "2.58.1"
                    }
                  },
                  "Acl": {
                    "id": "Acl",
                    "path": "It3122CdkStack/IT3122-CDK-VPC/web-subnetSubnet1/Acl",
                    "constructInfo": {
                      "fqn": "aws-cdk-lib.Resource",
                      "version": "2.58.1"
                    }
                  },
                  "RouteTable": {
                    "id": "RouteTable",
                    "path": "It3122CdkStack/IT3122-CDK-VPC/web-subnetSubnet1/RouteTable",
                    "attributes": {
                      "aws:cdk:cloudformation:type": "AWS::EC2::RouteTable",
                      "aws:cdk:cloudformation:props": {
                        "vpcId": {
                          "Ref": "IT3122CDKVPC02567596"
                        },
                        "tags": [
                          {
                            "key": "Name",
                            "value": "It3122CdkStack/IT3122-CDK-VPC/web-subnetSubnet1"
                          }
                        ]
                      }
                    },
                    "constructInfo": {
                      "fqn": "aws-cdk-lib.aws_ec2.CfnRouteTable",
                      "version": "2.58.1"
                    }
                  },
                  "RouteTableAssociation": {
                    "id": "RouteTableAssociation",
                    "path": "It3122CdkStack/IT3122-CDK-VPC/web-subnetSubnet1/RouteTableAssociation",
                    "attributes": {
                      "aws:cdk:cloudformation:type": "AWS::EC2::SubnetRouteTableAssociation",
                      "aws:cdk:cloudformation:props": {
                        "routeTableId": {
                          "Ref": "IT3122CDKVPCwebsubnetSubnet1RouteTableD0A5BF6E"
                        },
                        "subnetId": {
                          "Ref": "IT3122CDKVPCwebsubnetSubnet1SubnetF7A08613"
                        }
                      }
                    },
                    "constructInfo": {
                      "fqn": "aws-cdk-lib.aws_ec2.CfnSubnetRouteTableAssociation",
                      "version": "2.58.1"
                    }
                  },
                  "DefaultRoute": {
                    "id": "DefaultRoute",
                    "path": "It3122CdkStack/IT3122-CDK-VPC/web-subnetSubnet1/DefaultRoute",
                    "attributes": {
                      "aws:cdk:cloudformation:type": "AWS::EC2::Route",
                      "aws:cdk:cloudformation:props": {
                        "routeTableId": {
                          "Ref": "IT3122CDKVPCwebsubnetSubnet1RouteTableD0A5BF6E"
                        },
                        "destinationCidrBlock": "0.0.0.0/0",
                        "gatewayId": {
                          "Ref": "IT3122CDKVPCIGW47FE842F"
                        }
                      }
                    },
                    "constructInfo": {
                      "fqn": "aws-cdk-lib.aws_ec2.CfnRoute",
                      "version": "2.58.1"
                    }
                  }
                },
                "constructInfo": {
                  "fqn": "aws-cdk-lib.aws_ec2.PublicSubnet",
                  "version": "2.58.1"
                }
              },
              "web-subnetSubnet2": {
                "id": "web-subnetSubnet2",
                "path": "It3122CdkStack/IT3122-CDK-VPC/web-subnetSubnet2",
                "children": {
                  "Subnet": {
                    "id": "Subnet",
                    "path": "It3122CdkStack/IT3122-CDK-VPC/web-subnetSubnet2/Subnet",
                    "attributes": {
                      "aws:cdk:cloudformation:type": "AWS::EC2::Subnet",
                      "aws:cdk:cloudformation:props": {
                        "vpcId": {
                          "Ref": "IT3122CDKVPC02567596"
                        },
                        "availabilityZone": {
                          "Fn::Select": [
                            1,
                            {
                              "Fn::GetAZs": ""
                            }
                          ]
                        },
                        "cidrBlock": "10.0.0.16/28",
                        "mapPublicIpOnLaunch": true,
                        "tags": [
                          {
                            "key": "aws-cdk:subnet-name",
                            "value": "web-subnet"
                          },
                          {
                            "key": "aws-cdk:subnet-type",
                            "value": "Public"
                          },
                          {
                            "key": "Name",
                            "value": "It3122CdkStack/IT3122-CDK-VPC/web-subnetSubnet2"
                          }
                        ]
                      }
                    },
                    "constructInfo": {
                      "fqn": "aws-cdk-lib.aws_ec2.CfnSubnet",
                      "version": "2.58.1"
                    }
                  },
                  "Acl": {
                    "id": "Acl",
                    "path": "It3122CdkStack/IT3122-CDK-VPC/web-subnetSubnet2/Acl",
                    "constructInfo": {
                      "fqn": "aws-cdk-lib.Resource",
                      "version": "2.58.1"
                    }
                  },
                  "RouteTable": {
                    "id": "RouteTable",
                    "path": "It3122CdkStack/IT3122-CDK-VPC/web-subnetSubnet2/RouteTable",
                    "attributes": {
                      "aws:cdk:cloudformation:type": "AWS::EC2::RouteTable",
                      "aws:cdk:cloudformation:props": {
                        "vpcId": {
                          "Ref": "IT3122CDKVPC02567596"
                        },
                        "tags": [
                          {
                            "key": "Name",
                            "value": "It3122CdkStack/IT3122-CDK-VPC/web-subnetSubnet2"
                          }
                        ]
                      }
                    },
                    "constructInfo": {
                      "fqn": "aws-cdk-lib.aws_ec2.CfnRouteTable",
                      "version": "2.58.1"
                    }
                  },
                  "RouteTableAssociation": {
                    "id": "RouteTableAssociation",
                    "path": "It3122CdkStack/IT3122-CDK-VPC/web-subnetSubnet2/RouteTableAssociation",
                    "attributes": {
                      "aws:cdk:cloudformation:type": "AWS::EC2::SubnetRouteTableAssociation",
                      "aws:cdk:cloudformation:props": {
                        "routeTableId": {
                          "Ref": "IT3122CDKVPCwebsubnetSubnet2RouteTable47B47208"
                        },
                        "subnetId": {
                          "Ref": "IT3122CDKVPCwebsubnetSubnet2SubnetDE87D856"
                        }
                      }
                    },
                    "constructInfo": {
                      "fqn": "aws-cdk-lib.aws_ec2.CfnSubnetRouteTableAssociation",
                      "version": "2.58.1"
                    }
                  },
                  "DefaultRoute": {
                    "id": "DefaultRoute",
                    "path": "It3122CdkStack/IT3122-CDK-VPC/web-subnetSubnet2/DefaultRoute",
                    "attributes": {
                      "aws:cdk:cloudformation:type": "AWS::EC2::Route",
                      "aws:cdk:cloudformation:props": {
                        "routeTableId": {
                          "Ref": "IT3122CDKVPCwebsubnetSubnet2RouteTable47B47208"
                        },
                        "destinationCidrBlock": "0.0.0.0/0",
                        "gatewayId": {
                          "Ref": "IT3122CDKVPCIGW47FE842F"
                        }
                      }
                    },
                    "constructInfo": {
                      "fqn": "aws-cdk-lib.aws_ec2.CfnRoute",
                      "version": "2.58.1"
                    }
                  }
                },
                "constructInfo": {
                  "fqn": "aws-cdk-lib.aws_ec2.PublicSubnet",
                  "version": "2.58.1"
                }
              },
              "db-subnetSubnet1": {
                "id": "db-subnetSubnet1",
                "path": "It3122CdkStack/IT3122-CDK-VPC/db-subnetSubnet1",
                "children": {
                  "Subnet": {
                    "id": "Subnet",
                    "path": "It3122CdkStack/IT3122-CDK-VPC/db-subnetSubnet1/Subnet",
                    "attributes": {
                      "aws:cdk:cloudformation:type": "AWS::EC2::Subnet",
                      "aws:cdk:cloudformation:props": {
                        "vpcId": {
                          "Ref": "IT3122CDKVPC02567596"
                        },
                        "availabilityZone": {
                          "Fn::Select": [
                            0,
                            {
                              "Fn::GetAZs": ""
                            }
                          ]
                        },
                        "cidrBlock": "10.0.0.32/28",
                        "mapPublicIpOnLaunch": true,
                        "tags": [
                          {
                            "key": "aws-cdk:subnet-name",
                            "value": "db-subnet"
                          },
                          {
                            "key": "aws-cdk:subnet-type",
                            "value": "Public"
                          },
                          {
                            "key": "Name",
                            "value": "It3122CdkStack/IT3122-CDK-VPC/db-subnetSubnet1"
                          }
                        ]
                      }
                    },
                    "constructInfo": {
                      "fqn": "aws-cdk-lib.aws_ec2.CfnSubnet",
                      "version": "2.58.1"
                    }
                  },
                  "Acl": {
                    "id": "Acl",
                    "path": "It3122CdkStack/IT3122-CDK-VPC/db-subnetSubnet1/Acl",
                    "constructInfo": {
                      "fqn": "aws-cdk-lib.Resource",
                      "version": "2.58.1"
                    }
                  },
                  "RouteTable": {
                    "id": "RouteTable",
                    "path": "It3122CdkStack/IT3122-CDK-VPC/db-subnetSubnet1/RouteTable",
                    "attributes": {
                      "aws:cdk:cloudformation:type": "AWS::EC2::RouteTable",
                      "aws:cdk:cloudformation:props": {
                        "vpcId": {
                          "Ref": "IT3122CDKVPC02567596"
                        },
                        "tags": [
                          {
                            "key": "Name",
                            "value": "It3122CdkStack/IT3122-CDK-VPC/db-subnetSubnet1"
                          }
                        ]
                      }
                    },
                    "constructInfo": {
                      "fqn": "aws-cdk-lib.aws_ec2.CfnRouteTable",
                      "version": "2.58.1"
                    }
                  },
                  "RouteTableAssociation": {
                    "id": "RouteTableAssociation",
                    "path": "It3122CdkStack/IT3122-CDK-VPC/db-subnetSubnet1/RouteTableAssociation",
                    "attributes": {
                      "aws:cdk:cloudformation:type": "AWS::EC2::SubnetRouteTableAssociation",
                      "aws:cdk:cloudformation:props": {
                        "routeTableId": {
                          "Ref": "IT3122CDKVPCdbsubnetSubnet1RouteTable11E8AF72"
                        },
                        "subnetId": {
                          "Ref": "IT3122CDKVPCdbsubnetSubnet1Subnet501E245F"
                        }
                      }
                    },
                    "constructInfo": {
                      "fqn": "aws-cdk-lib.aws_ec2.CfnSubnetRouteTableAssociation",
                      "version": "2.58.1"
                    }
                  },
                  "DefaultRoute": {
                    "id": "DefaultRoute",
                    "path": "It3122CdkStack/IT3122-CDK-VPC/db-subnetSubnet1/DefaultRoute",
                    "attributes": {
                      "aws:cdk:cloudformation:type": "AWS::EC2::Route",
                      "aws:cdk:cloudformation:props": {
                        "routeTableId": {
                          "Ref": "IT3122CDKVPCdbsubnetSubnet1RouteTable11E8AF72"
                        },
                        "destinationCidrBlock": "0.0.0.0/0",
                        "gatewayId": {
                          "Ref": "IT3122CDKVPCIGW47FE842F"
                        }
                      }
                    },
                    "constructInfo": {
                      "fqn": "aws-cdk-lib.aws_ec2.CfnRoute",
                      "version": "2.58.1"
                    }
                  }
                },
                "constructInfo": {
                  "fqn": "aws-cdk-lib.aws_ec2.PublicSubnet",
                  "version": "2.58.1"
                }
              },
              "db-subnetSubnet2": {
                "id": "db-subnetSubnet2",
                "path": "It3122CdkStack/IT3122-CDK-VPC/db-subnetSubnet2",
                "children": {
                  "Subnet": {
                    "id": "Subnet",
                    "path": "It3122CdkStack/IT3122-CDK-VPC/db-subnetSubnet2/Subnet",
                    "attributes": {
                      "aws:cdk:cloudformation:type": "AWS::EC2::Subnet",
                      "aws:cdk:cloudformation:props": {
                        "vpcId": {
                          "Ref": "IT3122CDKVPC02567596"
                        },
                        "availabilityZone": {
                          "Fn::Select": [
                            1,
                            {
                              "Fn::GetAZs": ""
                            }
                          ]
                        },
                        "cidrBlock": "10.0.0.48/28",
                        "mapPublicIpOnLaunch": true,
                        "tags": [
                          {
                            "key": "aws-cdk:subnet-name",
                            "value": "db-subnet"
                          },
                          {
                            "key": "aws-cdk:subnet-type",
                            "value": "Public"
                          },
                          {
                            "key": "Name",
                            "value": "It3122CdkStack/IT3122-CDK-VPC/db-subnetSubnet2"
                          }
                        ]
                      }
                    },
                    "constructInfo": {
                      "fqn": "aws-cdk-lib.aws_ec2.CfnSubnet",
                      "version": "2.58.1"
                    }
                  },
                  "Acl": {
                    "id": "Acl",
                    "path": "It3122CdkStack/IT3122-CDK-VPC/db-subnetSubnet2/Acl",
                    "constructInfo": {
                      "fqn": "aws-cdk-lib.Resource",
                      "version": "2.58.1"
                    }
                  },
                  "RouteTable": {
                    "id": "RouteTable",
                    "path": "It3122CdkStack/IT3122-CDK-VPC/db-subnetSubnet2/RouteTable",
                    "attributes": {
                      "aws:cdk:cloudformation:type": "AWS::EC2::RouteTable",
                      "aws:cdk:cloudformation:props": {
                        "vpcId": {
                          "Ref": "IT3122CDKVPC02567596"
                        },
                        "tags": [
                          {
                            "key": "Name",
                            "value": "It3122CdkStack/IT3122-CDK-VPC/db-subnetSubnet2"
                          }
                        ]
                      }
                    },
                    "constructInfo": {
                      "fqn": "aws-cdk-lib.aws_ec2.CfnRouteTable",
                      "version": "2.58.1"
                    }
                  },
                  "RouteTableAssociation": {
                    "id": "RouteTableAssociation",
                    "path": "It3122CdkStack/IT3122-CDK-VPC/db-subnetSubnet2/RouteTableAssociation",
                    "attributes": {
                      "aws:cdk:cloudformation:type": "AWS::EC2::SubnetRouteTableAssociation",
                      "aws:cdk:cloudformation:props": {
                        "routeTableId": {
                          "Ref": "IT3122CDKVPCdbsubnetSubnet2RouteTableA9F30A5E"
                        },
                        "subnetId": {
                          "Ref": "IT3122CDKVPCdbsubnetSubnet2Subnet56816109"
                        }
                      }
                    },
                    "constructInfo": {
                      "fqn": "aws-cdk-lib.aws_ec2.CfnSubnetRouteTableAssociation",
                      "version": "2.58.1"
                    }
                  },
                  "DefaultRoute": {
                    "id": "DefaultRoute",
                    "path": "It3122CdkStack/IT3122-CDK-VPC/db-subnetSubnet2/DefaultRoute",
                    "attributes": {
                      "aws:cdk:cloudformation:type": "AWS::EC2::Route",
                      "aws:cdk:cloudformation:props": {
                        "routeTableId": {
                          "Ref": "IT3122CDKVPCdbsubnetSubnet2RouteTableA9F30A5E"
                        },
                        "destinationCidrBlock": "0.0.0.0/0",
                        "gatewayId": {
                          "Ref": "IT3122CDKVPCIGW47FE842F"
                        }
                      }
                    },
                    "constructInfo": {
                      "fqn": "aws-cdk-lib.aws_ec2.CfnRoute",
                      "version": "2.58.1"
                    }
                  }
                },
                "constructInfo": {
                  "fqn": "aws-cdk-lib.aws_ec2.PublicSubnet",
                  "version": "2.58.1"
                }
              },
              "IGW": {
                "id": "IGW",
                "path": "It3122CdkStack/IT3122-CDK-VPC/IGW",
                "attributes": {
                  "aws:cdk:cloudformation:type": "AWS::EC2::InternetGateway",
                  "aws:cdk:cloudformation:props": {
                    "tags": [
                      {
                        "key": "Name",
                        "value": "It3122CdkStack/IT3122-CDK-VPC"
                      }
                    ]
                  }
                },
                "constructInfo": {
                  "fqn": "aws-cdk-lib.aws_ec2.CfnInternetGateway",
                  "version": "2.58.1"
                }
              },
              "VPCGW": {
                "id": "VPCGW",
                "path": "It3122CdkStack/IT3122-CDK-VPC/VPCGW",
                "attributes": {
                  "aws:cdk:cloudformation:type": "AWS::EC2::VPCGatewayAttachment",
                  "aws:cdk:cloudformation:props": {
                    "vpcId": {
                      "Ref": "IT3122CDKVPC02567596"
                    },
                    "internetGatewayId": {
                      "Ref": "IT3122CDKVPCIGW47FE842F"
                    }
                  }
                },
                "constructInfo": {
                  "fqn": "aws-cdk-lib.aws_ec2.CfnVPCGatewayAttachment",
                  "version": "2.58.1"
                }
              }
            },
            "constructInfo": {
              "fqn": "aws-cdk-lib.aws_ec2.Vpc",
              "version": "2.58.1"
            }
          },
          "IT3122-RDS-SecurityGroup": {
            "id": "IT3122-RDS-SecurityGroup",
            "path": "It3122CdkStack/IT3122-RDS-SecurityGroup",
            "children": {
              "Resource": {
                "id": "Resource",
                "path": "It3122CdkStack/IT3122-RDS-SecurityGroup/Resource",
                "attributes": {
                  "aws:cdk:cloudformation:type": "AWS::EC2::SecurityGroup",
                  "aws:cdk:cloudformation:props": {
                    "groupDescription": "It3122CdkStack/IT3122-RDS-SecurityGroup",
                    "securityGroupEgress": [
                      {
                        "cidrIp": "0.0.0.0/0",
                        "description": "Allow all outbound traffic by default",
                        "ipProtocol": "-1"
                      }
                    ],
                    "securityGroupIngress": [
                      {
                        "cidrIp": "0.0.0.0/0",
                        "ipProtocol": "tcp",
                        "fromPort": 0,
                        "toPort": 65535,
                        "description": "Allow Public Access connection from public"
                      }
                    ],
                    "vpcId": {
                      "Ref": "IT3122CDKVPC02567596"
                    }
                  }
                },
                "constructInfo": {
                  "fqn": "aws-cdk-lib.aws_ec2.CfnSecurityGroup",
                  "version": "2.58.1"
                }
              }
            },
            "constructInfo": {
              "fqn": "aws-cdk-lib.aws_ec2.SecurityGroup",
              "version": "2.58.1"
            }
          },
          "IT3122-RDS-Instance": {
            "id": "IT3122-RDS-Instance",
            "path": "It3122CdkStack/IT3122-RDS-Instance",
            "children": {
              "SubnetGroup": {
                "id": "SubnetGroup",
                "path": "It3122CdkStack/IT3122-RDS-Instance/SubnetGroup",
                "children": {
                  "Default": {
                    "id": "Default",
                    "path": "It3122CdkStack/IT3122-RDS-Instance/SubnetGroup/Default",
                    "attributes": {
                      "aws:cdk:cloudformation:type": "AWS::RDS::DBSubnetGroup",
                      "aws:cdk:cloudformation:props": {
                        "dbSubnetGroupDescription": "Subnet group for IT3122-RDS-Instance database",
                        "subnetIds": [
                          {
                            "Ref": "IT3122CDKVPCwebsubnetSubnet1SubnetF7A08613"
                          },
                          {
                            "Ref": "IT3122CDKVPCwebsubnetSubnet2SubnetDE87D856"
                          },
                          {
                            "Ref": "IT3122CDKVPCdbsubnetSubnet1Subnet501E245F"
                          },
                          {
                            "Ref": "IT3122CDKVPCdbsubnetSubnet2Subnet56816109"
                          }
                        ]
                      }
                    },
                    "constructInfo": {
                      "fqn": "aws-cdk-lib.aws_rds.CfnDBSubnetGroup",
                      "version": "2.58.1"
                    }
                  }
                },
                "constructInfo": {
                  "fqn": "aws-cdk-lib.aws_rds.SubnetGroup",
                  "version": "2.58.1"
                }
              },
              "Resource": {
                "id": "Resource",
                "path": "It3122CdkStack/IT3122-RDS-Instance/Resource",
                "attributes": {
                  "aws:cdk:cloudformation:type": "AWS::RDS::DBInstance",
                  "aws:cdk:cloudformation:props": {
                    "allocatedStorage": "30",
                    "allowMajorVersionUpgrade": false,
                    "autoMinorVersionUpgrade": false,
                    "backupRetentionPeriod": 0,
                    "copyTagsToSnapshot": true,
                    "dbInstanceClass": "db.t3.micro",
                    "dbSubnetGroupName": {
                      "Ref": "IT3122RDSInstanceSubnetGroup75CE41F3"
                    },
                    "deleteAutomatedBackups": true,
                    "engine": "mariadb",
                    "engineVersion": "10.6.10",
                    "masterUsername": "admin",
                    "masterUserPassword": "password",
                    "maxAllocatedStorage": 105,
                    "multiAz": false,
                    "publiclyAccessible": true,
                    "storageType": "gp2",
                    "vpcSecurityGroups": [
                      {
                        "Fn::GetAtt": [
                          "IT3122RDSSecurityGroup46D74E27",
                          "GroupId"
                        ]
                      }
                    ]
                  }
                },
                "constructInfo": {
                  "fqn": "aws-cdk-lib.aws_rds.CfnDBInstance",
                  "version": "2.58.1"
                }
              }
            },
            "constructInfo": {
              "fqn": "aws-cdk-lib.aws_rds.DatabaseInstance",
              "version": "2.58.1"
            }
          },
          "LostNfoundBucket": {
            "id": "LostNfoundBucket",
            "path": "It3122CdkStack/LostNfoundBucket",
            "children": {
              "Resource": {
                "id": "Resource",
                "path": "It3122CdkStack/LostNfoundBucket/Resource",
                "attributes": {
                  "aws:cdk:cloudformation:type": "AWS::S3::Bucket",
                  "aws:cdk:cloudformation:props": {
                    "bucketName": "it3122-bucket-item-images-zhenkai-cdk",
                    "tags": [
                      {
                        "key": "aws-cdk:auto-delete-objects",
                        "value": "true"
                      }
                    ]
                  }
                },
                "constructInfo": {
                  "fqn": "aws-cdk-lib.aws_s3.CfnBucket",
                  "version": "2.58.1"
                }
              },
              "Policy": {
                "id": "Policy",
                "path": "It3122CdkStack/LostNfoundBucket/Policy",
                "children": {
                  "Resource": {
                    "id": "Resource",
                    "path": "It3122CdkStack/LostNfoundBucket/Policy/Resource",
                    "attributes": {
                      "aws:cdk:cloudformation:type": "AWS::S3::BucketPolicy",
                      "aws:cdk:cloudformation:props": {
                        "bucket": {
                          "Ref": "LostNfoundBucket0652DCFB"
                        },
                        "policyDocument": {
                          "Statement": [
                            {
                              "Action": "s3:GetObject",
                              "Effect": "Allow",
                              "Principal": {
                                "AWS": "*"
                              },
                              "Resource": {
                                "Fn::Join": [
                                  "",
                                  [
                                    {
                                      "Fn::GetAtt": [
                                        "LostNfoundBucket0652DCFB",
                                        "Arn"
                                      ]
                                    },
                                    "/*"
                                  ]
                                ]
                              }
                            },
                            {
                              "Action": [
                                "s3:DeleteObject*",
                                "s3:GetBucket*",
                                "s3:List*"
                              ],
                              "Effect": "Allow",
                              "Principal": {
                                "AWS": {
                                  "Fn::GetAtt": [
                                    "CustomS3AutoDeleteObjectsCustomResourceProviderRole3B1BD092",
                                    "Arn"
                                  ]
                                }
                              },
                              "Resource": [
                                {
                                  "Fn::GetAtt": [
                                    "LostNfoundBucket0652DCFB",
                                    "Arn"
                                  ]
                                },
                                {
                                  "Fn::Join": [
                                    "",
                                    [
                                      {
                                        "Fn::GetAtt": [
                                          "LostNfoundBucket0652DCFB",
                                          "Arn"
                                        ]
                                      },
                                      "/*"
                                    ]
                                  ]
                                }
                              ]
                            },
                            {
                              "Action": [
                                "s3:Abort*",
                                "s3:DeleteObject*",
                                "s3:GetBucket*",
                                "s3:GetObject*",
                                "s3:List*",
                                "s3:PutObject",
                                "s3:PutObjectLegalHold",
                                "s3:PutObjectRetention",
                                "s3:PutObjectTagging",
                                "s3:PutObjectVersionTagging"
                              ],
                              "Effect": "Allow",
                              "Principal": {
                                "AWS": "*"
                              },
                              "Resource": [
                                {
                                  "Fn::GetAtt": [
                                    "LostNfoundBucket0652DCFB",
                                    "Arn"
                                  ]
                                },
                                {
                                  "Fn::Join": [
                                    "",
                                    [
                                      {
                                        "Fn::GetAtt": [
                                          "LostNfoundBucket0652DCFB",
                                          "Arn"
                                        ]
                                      },
                                      "/*"
                                    ]
                                  ]
                                }
                              ]
                            }
                          ],
                          "Version": "2012-10-17"
                        }
                      }
                    },
                    "constructInfo": {
                      "fqn": "aws-cdk-lib.aws_s3.CfnBucketPolicy",
                      "version": "2.58.1"
                    }
                  }
                },
                "constructInfo": {
                  "fqn": "aws-cdk-lib.aws_s3.BucketPolicy",
                  "version": "2.58.1"
                }
              },
              "AutoDeleteObjectsCustomResource": {
                "id": "AutoDeleteObjectsCustomResource",
                "path": "It3122CdkStack/LostNfoundBucket/AutoDeleteObjectsCustomResource",
                "children": {
                  "Default": {
                    "id": "Default",
                    "path": "It3122CdkStack/LostNfoundBucket/AutoDeleteObjectsCustomResource/Default",
                    "constructInfo": {
                      "fqn": "aws-cdk-lib.CfnResource",
                      "version": "2.58.1"
                    }
                  }
                },
                "constructInfo": {
                  "fqn": "aws-cdk-lib.CustomResource",
                  "version": "2.58.1"
                }
              }
            },
            "constructInfo": {
              "fqn": "aws-cdk-lib.aws_s3.Bucket",
              "version": "2.58.1"
            }
          },
          "Custom::S3AutoDeleteObjectsCustomResourceProvider": {
            "id": "Custom::S3AutoDeleteObjectsCustomResourceProvider",
            "path": "It3122CdkStack/Custom::S3AutoDeleteObjectsCustomResourceProvider",
            "children": {
              "Staging": {
                "id": "Staging",
                "path": "It3122CdkStack/Custom::S3AutoDeleteObjectsCustomResourceProvider/Staging",
                "constructInfo": {
                  "fqn": "aws-cdk-lib.AssetStaging",
                  "version": "2.58.1"
                }
              },
              "Role": {
                "id": "Role",
                "path": "It3122CdkStack/Custom::S3AutoDeleteObjectsCustomResourceProvider/Role",
                "constructInfo": {
                  "fqn": "aws-cdk-lib.CfnResource",
                  "version": "2.58.1"
                }
              },
              "Handler": {
                "id": "Handler",
                "path": "It3122CdkStack/Custom::S3AutoDeleteObjectsCustomResourceProvider/Handler",
                "constructInfo": {
                  "fqn": "aws-cdk-lib.CfnResource",
                  "version": "2.58.1"
                }
              }
            },
            "constructInfo": {
              "fqn": "aws-cdk-lib.CustomResourceProvider",
              "version": "2.58.1"
            }
          },
          "LostnFoundNotification": {
            "id": "LostnFoundNotification",
            "path": "It3122CdkStack/LostnFoundNotification",
            "children": {
              "Resource": {
                "id": "Resource",
                "path": "It3122CdkStack/LostnFoundNotification/Resource",
                "attributes": {
                  "aws:cdk:cloudformation:type": "AWS::SNS::Topic",
                  "aws:cdk:cloudformation:props": {
                    "topicName": "LostItemNotification"
                  }
                },
                "constructInfo": {
                  "fqn": "aws-cdk-lib.aws_sns.CfnTopic",
                  "version": "2.58.1"
                }
              }
            },
            "constructInfo": {
              "fqn": "aws-cdk-lib.aws_sns.Topic",
              "version": "2.58.1"
            }
          },
          "IT3122-EC2-SecurityGroup": {
            "id": "IT3122-EC2-SecurityGroup",
            "path": "It3122CdkStack/IT3122-EC2-SecurityGroup",
            "children": {
              "Resource": {
                "id": "Resource",
                "path": "It3122CdkStack/IT3122-EC2-SecurityGroup/Resource",
                "attributes": {
                  "aws:cdk:cloudformation:type": "AWS::EC2::SecurityGroup",
                  "aws:cdk:cloudformation:props": {
                    "groupDescription": "It3122CdkStack/IT3122-EC2-SecurityGroup",
                    "securityGroupEgress": [
                      {
                        "cidrIp": "0.0.0.0/0",
                        "description": "Allow all outbound traffic by default",
                        "ipProtocol": "-1"
                      }
                    ],
                    "securityGroupIngress": [
                      {
                        "cidrIp": "0.0.0.0/0",
                        "ipProtocol": "tcp",
                        "fromPort": 80,
                        "toPort": 80,
                        "description": "Allow HTTP connection from public"
                      },
                      {
                        "cidrIp": "0.0.0.0/0",
                        "ipProtocol": "tcp",
                        "fromPort": 8002,
                        "toPort": 8002,
                        "description": "Allow ExpressJS port connection from public"
                      },
                      {
                        "cidrIp": "0.0.0.0/0",
                        "ipProtocol": "tcp",
                        "fromPort": 22,
                        "toPort": 22,
                        "description": "Allow SSH connection from public"
                      }
                    ],
                    "vpcId": {
                      "Ref": "IT3122CDKVPC02567596"
                    }
                  }
                },
                "constructInfo": {
                  "fqn": "aws-cdk-lib.aws_ec2.CfnSecurityGroup",
                  "version": "2.58.1"
                }
              }
            },
            "constructInfo": {
              "fqn": "aws-cdk-lib.aws_ec2.SecurityGroup",
              "version": "2.58.1"
            }
          },
          "IT3122-CDK-Lost-n-Found": {
            "id": "IT3122-CDK-Lost-n-Found",
            "path": "It3122CdkStack/IT3122-CDK-Lost-n-Found",
            "children": {
              "InstanceRole": {
                "id": "InstanceRole",
                "path": "It3122CdkStack/IT3122-CDK-Lost-n-Found/InstanceRole",
                "children": {
                  "ImportInstanceRole": {
                    "id": "ImportInstanceRole",
                    "path": "It3122CdkStack/IT3122-CDK-Lost-n-Found/InstanceRole/ImportInstanceRole",
                    "constructInfo": {
                      "fqn": "aws-cdk-lib.Resource",
                      "version": "2.58.1"
                    }
                  },
                  "Resource": {
                    "id": "Resource",
                    "path": "It3122CdkStack/IT3122-CDK-Lost-n-Found/InstanceRole/Resource",
                    "attributes": {
                      "aws:cdk:cloudformation:type": "AWS::IAM::Role",
                      "aws:cdk:cloudformation:props": {
                        "assumeRolePolicyDocument": {
                          "Statement": [
                            {
                              "Action": "sts:AssumeRole",
                              "Effect": "Allow",
                              "Principal": {
                                "Service": "ec2.amazonaws.com"
                              }
                            }
                          ],
                          "Version": "2012-10-17"
                        },
                        "managedPolicyArns": [
                          {
                            "Fn::Join": [
                              "",
                              [
                                "arn:",
                                {
                                  "Ref": "AWS::Partition"
                                },
                                ":iam::aws:policy/AmazonSNSFullAccess"
                              ]
                            ]
                          },
                          {
                            "Fn::Join": [
                              "",
                              [
                                "arn:",
                                {
                                  "Ref": "AWS::Partition"
                                },
                                ":iam::aws:policy/AmazonRekognitionFullAccess"
                              ]
                            ]
                          }
                        ],
                        "tags": [
                          {
                            "key": "Name",
                            "value": "It3122CdkStack/IT3122-CDK-Lost-n-Found"
                          }
                        ]
                      }
                    },
                    "constructInfo": {
                      "fqn": "aws-cdk-lib.aws_iam.CfnRole",
                      "version": "2.58.1"
                    }
                  }
                },
                "constructInfo": {
                  "fqn": "aws-cdk-lib.aws_iam.Role",
                  "version": "2.58.1"
                }
              },
              "InstanceProfile": {
                "id": "InstanceProfile",
                "path": "It3122CdkStack/IT3122-CDK-Lost-n-Found/InstanceProfile",
                "attributes": {
                  "aws:cdk:cloudformation:type": "AWS::IAM::InstanceProfile",
                  "aws:cdk:cloudformation:props": {
                    "roles": [
                      {
                        "Ref": "IT3122CDKLostnFoundInstanceRoleC8077EE4"
                      }
                    ]
                  }
                },
                "constructInfo": {
                  "fqn": "aws-cdk-lib.aws_iam.CfnInstanceProfile",
                  "version": "2.58.1"
                }
              },
              "Resource": {
                "id": "Resource",
                "path": "It3122CdkStack/IT3122-CDK-Lost-n-Found/Resource",
                "attributes": {
                  "aws:cdk:cloudformation:type": "AWS::EC2::Instance",
                  "aws:cdk:cloudformation:props": {
                    "availabilityZone": {
                      "Fn::Select": [
                        0,
                        {
                          "Fn::GetAZs": ""
                        }
                      ]
                    },
                    "iamInstanceProfile": {
                      "Ref": "IT3122CDKLostnFoundInstanceProfile3AF55282"
                    },
                    "imageId": {
                      "Ref": "SsmParameterValueawsserviceamiamazonlinuxlatestamzn2amihvmx8664gp2C96584B6F00A464EAD1953AFF4B05118Parameter"
                    },
                    "instanceType": "t2.micro",
                    "securityGroupIds": [
                      {
                        "Fn::GetAtt": [
                          "IT3122EC2SecurityGroupC730C0C8",
                          "GroupId"
                        ]
                      }
                    ],
                    "subnetId": {
                      "Ref": "IT3122CDKVPCwebsubnetSubnet1SubnetF7A08613"
                    },
                    "tags": [
                      {
                        "key": "Name",
                        "value": "It3122CdkStack/IT3122-CDK-Lost-n-Found"
                      }
                    ],
                    "userData": {
                      "Fn::Base64": {
                        "Fn::Join": [
                          "",
                          [
                            "#! /bin/bash\n    sudo yum install -y gcc-c++ make\n    curl -sL https://rpm.nodesource.com/setup_16.x | sudo -E bash -\n    sudo yum install -y nodejs\n    sudo yum install -y git\n    git clone https://github.com/hzk2021/Lost-and-Found.git\n    cd /Lost-and-Found\n    sudo npm i\n    DB_HOST=\"",
                            {
                              "Fn::GetAtt": [
                                "IT3122RDSInstance6831A30F",
                                "Endpoint.Address"
                              ]
                            },
                            "\" S3_BUCKET_NAME=\"",
                            {
                              "Ref": "LostNfoundBucket0652DCFB"
                            },
                            "\" SNS_TOPIC_ARN=\"",
                            {
                              "Ref": "LostnFoundNotification9A622D5E"
                            },
                            "\" AWS_REGION=\"",
                            {
                              "Ref": "AWS::Region"
                            },
                            "\" node app.js"
                          ]
                        ]
                      }
                    }
                  }
                },
                "constructInfo": {
                  "fqn": "aws-cdk-lib.aws_ec2.CfnInstance",
                  "version": "2.58.1"
                }
              }
            },
            "constructInfo": {
              "fqn": "aws-cdk-lib.aws_ec2.Instance",
              "version": "2.58.1"
            }
          },
          "SsmParameterValue:--aws--service--ami-amazon-linux-latest--amzn2-ami-hvm-x86_64-gp2:C96584B6-F00A-464E-AD19-53AFF4B05118.Parameter": {
            "id": "SsmParameterValue:--aws--service--ami-amazon-linux-latest--amzn2-ami-hvm-x86_64-gp2:C96584B6-F00A-464E-AD19-53AFF4B05118.Parameter",
            "path": "It3122CdkStack/SsmParameterValue:--aws--service--ami-amazon-linux-latest--amzn2-ami-hvm-x86_64-gp2:C96584B6-F00A-464E-AD19-53AFF4B05118.Parameter",
            "constructInfo": {
              "fqn": "aws-cdk-lib.CfnParameter",
              "version": "2.58.1"
            }
          },
          "SsmParameterValue:--aws--service--ami-amazon-linux-latest--amzn2-ami-hvm-x86_64-gp2:C96584B6-F00A-464E-AD19-53AFF4B05118": {
            "id": "SsmParameterValue:--aws--service--ami-amazon-linux-latest--amzn2-ami-hvm-x86_64-gp2:C96584B6-F00A-464E-AD19-53AFF4B05118",
            "path": "It3122CdkStack/SsmParameterValue:--aws--service--ami-amazon-linux-latest--amzn2-ami-hvm-x86_64-gp2:C96584B6-F00A-464E-AD19-53AFF4B05118",
            "constructInfo": {
              "fqn": "aws-cdk-lib.Resource",
              "version": "2.58.1"
            }
          },
          "DB_HOST": {
            "id": "DB_HOST",
            "path": "It3122CdkStack/DB_HOST",
            "constructInfo": {
              "fqn": "aws-cdk-lib.CfnOutput",
              "version": "2.58.1"
            }
          },
          "S3_BUCKET_NAME": {
            "id": "S3_BUCKET_NAME",
            "path": "It3122CdkStack/S3_BUCKET_NAME",
            "constructInfo": {
              "fqn": "aws-cdk-lib.CfnOutput",
              "version": "2.58.1"
            }
          },
          "SNS_TOPIC_ARN": {
            "id": "SNS_TOPIC_ARN",
            "path": "It3122CdkStack/SNS_TOPIC_ARN",
            "constructInfo": {
              "fqn": "aws-cdk-lib.CfnOutput",
              "version": "2.58.1"
            }
          },
          "CDKMetadata": {
            "id": "CDKMetadata",
            "path": "It3122CdkStack/CDKMetadata",
            "children": {
              "Default": {
                "id": "Default",
                "path": "It3122CdkStack/CDKMetadata/Default",
                "constructInfo": {
                  "fqn": "aws-cdk-lib.CfnResource",
                  "version": "2.58.1"
                }
              },
              "Condition": {
                "id": "Condition",
                "path": "It3122CdkStack/CDKMetadata/Condition",
                "constructInfo": {
                  "fqn": "aws-cdk-lib.CfnCondition",
                  "version": "2.58.1"
                }
              }
            },
            "constructInfo": {
              "fqn": "constructs.Construct",
              "version": "10.1.205"
            }
          },
          "BootstrapVersion": {
            "id": "BootstrapVersion",
            "path": "It3122CdkStack/BootstrapVersion",
            "constructInfo": {
              "fqn": "aws-cdk-lib.CfnParameter",
              "version": "2.58.1"
            }
          },
          "CheckBootstrapVersion": {
            "id": "CheckBootstrapVersion",
            "path": "It3122CdkStack/CheckBootstrapVersion",
            "constructInfo": {
              "fqn": "aws-cdk-lib.CfnRule",
              "version": "2.58.1"
            }
          }
        },
        "constructInfo": {
          "fqn": "aws-cdk-lib.Stack",
          "version": "2.58.1"
        }
      },
      "Tree": {
        "id": "Tree",
        "path": "Tree",
        "constructInfo": {
          "fqn": "constructs.Construct",
          "version": "10.1.205"
        }
      }
    },
    "constructInfo": {
      "fqn": "aws-cdk-lib.App",
      "version": "2.58.1"
    }
  }
}